{
  "functions": [
    {
      "source": "functions",
      "codebase": "default",
      "ignore": [
        "node_modules",
        ".git",
        "firebase-debug.log",
        "firebase-debug.*.log",
        "*.local"
      ]
    }
  ],
  "firestore": {
    "rules": "firestore.rules"
  },
  "emulators": {
    "auth": {
      "port": 9099,
      "host": "0.0.0.0"
    },
    "functions": {
      "port": 5001,
      "host": "0.0.0.0"
    },
    "firestore": {
      "port": 8080,
      "host": "0.0.0.0"
    },
    "ui": {
      "enabled": true,
      "port": 4000
    }
  }
}
